时间_s,烘房温度_C,烘房水分浓度_kg_kg
0,28.0,0.01963
1,28.0088,0.0196365
2,28.0176,0.019643
3,28.0264,0.0196495
4,28.0352,0.019656
5,28.044,0.019662500000000003
6,28.0528,0.019669000000000002
7,28.0616,0.019675500000000002
8,28.0704,0.019682
9,28.0792,0.0196885
10,28.088,0.019695
11,28.096799999999998,0.0197015
12,28.1056,0.019708
13,28.1144,0.019714500000000003
14,28.1232,0.019721000000000002
15,28.131999999999998,0.019727500000000002
16,28.1408,0.019734
17,28.1496,0.0197405
18,28.1584,0.019747
19,28.1672,0.0197535
20,28.176,0.01976
21,28.1848,0.0197665
22,28.1936,0.019773000000000002
23,28.2024,0.019779500000000002
24,28.211199999999998,0.019786
25,28.22,0.0197925
26,28.2288,0.019799
27,28.2376,0.0198055
28,28.246399999999998,0.019812
29,28.2552,0.0198185
30,28.264,0.019825000000000002
31,28.2728,0.019831500000000002
32,28.2816,0.019838
33,28.290399999999998,0.0198445
34,28.2992,0.019851
35,28.308,0.0198575
36,28.3168,0.019864
37,28.325599999999998,0.0198705
38,28.3344,0.019877
39,28.3432,0.019883500000000002
40,28.352,0.01989
41,28.360799999999998,0.0198965
42,28.3696,0.019903
43,28.3784,0.0199095
44,28.3872,0.019916
45,28.396,0.0199225
46,28.404799999999998,0.019929
47,28.4136,0.0199355
48,28.4224,0.019942
49,28.4312,0.0199485
50,28.439999999999998,0.019955
51,28.4488,0.0199615
52,28.4576,0.019968
53,28.4664,0.0199745
54,28.475199999999997,0.019981
55,28.483999999999998,0.0199875
56,28.4928,0.019994
57,28.5016,0.0200005
58,28.510399999999997,0.020007
59,28.519199999999998,0.0200135
60,28.528,0.02002
61,28.539066666666667,0.0200285
62,28.55013333333333,0.020037
63,28.5612,0.0200455
64,28.572266666666664,0.020054
65,28.583333333333332,0.0200625
66,28.5944,0.020071
67,28.605466666666665,0.0200795
68,28.616533333333333,0.020087999999999998
69,28.627599999999997,0.0200965
70,28.638666666666666,0.020104999999999998
71,28.649733333333334,0.0201135
72,28.6608,0.020122
73,28.671866666666666,0.0201305
74,28.68293333333333,0.020139
75,28.694,0.0201475
76,28.705066666666667,0.020156
77,28.71613333333333,0.0201645
78,28.7272,0.020173
79,28.738266666666664,0.020181499999999998
80,28.749333333333333,0.02019
81,28.7604,0.0201985
82,28.771466666666665,0.020207
83,28.782533333333333,0.0202155
84,28.793599999999998,0.020224
85,28.804666666666666,0.0202325
86,28.815733333333334,0.020241
87,28.8268,0.0202495
88,28.837866666666667,0.020257999999999998
89,28.84893333333333,0.0202665
90,28.86,0.020275
91,28.871066666666668,0.0202835
92,28.882133333333332,0.020292
93,28.8932,0.0203005
94,28.904266666666665,0.020309
95,28.915333333333333,0.0203175
96,28.9264,0.020326
97,28.937466666666666,0.0203345
98,28.948533333333334,0.020343
99,28.9596,0.020351499999999998
100,28.970666666666666,0.02036
101,28.981733333333334,0.0203685
102,28.9928,0.020377
103,29.003866666666667,0.0203855
104,29.01493333333333,0.020394
105,29.026,0.0204025
106,29.037066666666668,0.020411
107,29.048133333333332,0.0204195
108,29.0592,0.020427999999999998
109,29.070266666666665,0.0204365
110,29.081333333333333,0.020444999999999998
111,29.0924,0.0204535
112,29.103466666666666,0.020462
113,29.114533333333334,0.0204705
114,29.1256,0.020479
115,29.136666666666667,0.0204875
116,29.147733333333335,0.020496
117,29.1588,0.0205045
118,29.169866666666667,0.020513
119,29.180933333333332,0.020521499999999998
120,29.192,0.02053
121,29.2002,0.02053783333333333
122,29.2084,0.020545666666666667
123,29.2166,0.0205535
124,29.224800000000002,0.020561333333333334
125,29.233,0.020569166666666666
126,29.2412,0.020576999999999998
127,29.2494,0.020584833333333333
128,29.2576,0.020592666666666665
129,29.2658,0.0206005
130,29.274,0.020608333333333333
131,29.2822,0.020616166666666668
132,29.2904,0.020624
133,29.2986,0.020631833333333332
134,29.3068,0.020639666666666667
135,29.315,0.0206475
136,29.3232,0.020655333333333335
137,29.331400000000002,0.020663166666666666
138,29.3396,0.020671000000000002
139,29.3478,0.020678833333333334
140,29.356,0.020686666666666666
141,29.3642,0.0206945
142,29.3724,0.020702333333333333
143,29.3806,0.02071016666666667
144,29.3888,0.020718
145,29.397000000000002,0.020725833333333332
146,29.4052,0.020733666666666668
147,29.4134,0.0207415
148,29.4216,0.020749333333333335
149,29.4298,0.020757166666666667
150,29.438000000000002,0.020765
151,29.4462,0.020772833333333334
152,29.4544,0.020780666666666666
153,29.462600000000002,0.0207885
154,29.4708,0.020796333333333333
155,29.479,0.02080416666666667
156,29.4872,0.020812
157,29.4954,0.020819833333333333
158,29.503600000000002,0.020827666666666668
159,29.5118,0.0208355
160,29.52,0.020843333333333335
161,29.528200000000002,0.020851166666666667
162,29.5364,0.020859000000000003
163,29.5446,0.020866833333333334
164,29.5528,0.020874666666666666
165,29.561,0.020882500000000002
166,29.569200000000002,0.020890333333333334
167,29.5774,0.02089816666666667
168,29.5856,0.020906
169,29.5938,0.020913833333333333
170,29.602,0.02092166666666667
171,29.610200000000003,0.0209295
172,29.6184,0.020937333333333336
173,29.6266,0.020945166666666667
174,29.634800000000002,0.020953
175,29.643,0.020960833333333335
176,29.6512,0.020968666666666667
177,29.6594,0.020976500000000002
178,29.6676,0.020984333333333334
179,29.675800000000002,0.02099216666666667
180,29.684,0.021
181,29.689883333333334,0.021008500000000003
182,29.695766666666668,0.021017
183,29.70165,0.021025500000000003
184,29.707533333333334,0.021034
185,29.713416666666667,0.021042500000000002
186,29.7193,0.021051
187,29.725183333333334,0.021059500000000002
188,29.731066666666667,0.021068
189,29.73695,0.0210765
190,29.742833333333333,0.021085
191,29.748716666666667,0.0210935
192,29.7546,0.021102000000000003
193,29.760483333333333,0.0211105
194,29.766366666666666,0.021119000000000002
195,29.77225,0.0211275
196,29.778133333333333,0.021136000000000002
197,29.784016666666666,0.0211445
198,29.7899,0.021153
199,29.795783333333333,0.0211615
200,29.801666666666666,0.02117
201,29.80755,0.021178500000000003
202,29.813433333333332,0.021187
203,29.819316666666666,0.021195500000000003
204,29.8252,0.021204
205,29.831083333333332,0.021212500000000002
206,29.836966666666665,0.021221
207,29.84285,0.021229500000000002
208,29.848733333333332,0.021238
209,29.854616666666665,0.0212465
210,29.860500000000002,0.021255000000000003
211,29.866383333333335,0.0212635
212,29.87226666666667,0.021272000000000003
213,29.87815,0.0212805
214,29.884033333333335,0.021289000000000002
215,29.889916666666668,0.0212975
216,29.8958,0.021306000000000002
217,29.901683333333335,0.0213145
218,29.907566666666668,0.021323
219,29.91345,0.0213315
220,29.919333333333334,0.02134
221,29.925216666666667,0.021348500000000003
222,29.9311,0.021357
223,29.936983333333334,0.021365500000000003
224,29.942866666666667,0.021374
225,29.94875,0.021382500000000002
226,29.954633333333334,0.021391
227,29.960516666666667,0.021399500000000002
228,29.9664,0.021408
229,29.972283333333333,0.0214165
230,29.978166666666667,0.021425
231,29.98405,0.0214335
232,29.989933333333333,0.021442000000000003
233,29.995816666666666,0.0214505
234,30.0017,0.021459000000000002
235,30.007583333333333,0.0214675
236,30.013466666666666,0.021476000000000002
237,30.01935,0.0214845
238,30.025233333333333,0.021493
239,30.031116666666666,0.0215015
240,30.037,0.02151
241,30.050283333333333,0.021516666666666667
242,30.063566666666667,0.021523333333333335
243,30.07685,0.02153
244,30.090133333333334,0.02153666666666667
245,30.103416666666664,0.021543333333333334
246,30.116699999999998,0.02155
247,30.129983333333332,0.02155666666666667
248,30.143266666666666,0.021563333333333334
249,30.15655,0.021570000000000002
250,30.169833333333333,0.021576666666666668
251,30.183116666666667,0.021583333333333333
252,30.1964,0.02159
253,30.20968333333333,0.021596666666666667
254,30.222966666666665,0.021603333333333335
255,30.23625,0.02161
256,30.249533333333332,0.021616666666666666
257,30.262816666666666,0.021623333333333335
258,30.2761,0.02163
259,30.289383333333333,0.02163666666666667
260,30.302666666666667,0.021643333333333334
261,30.31595,0.02165
262,30.32923333333333,0.021656666666666668
263,30.342516666666665,0.021663333333333333
264,30.3558,0.021670000000000002
265,30.369083333333332,0.021676666666666667
266,30.382366666666666,0.021683333333333332
267,30.39565,0.02169
268,30.408933333333334,0.021696666666666666
269,30.422216666666667,0.021703333333333335
270,30.435499999999998,0.02171
271,30.44878333333333,0.021716666666666665
272,30.462066666666665,0.021723333333333334
273,30.47535,0.02173
274,30.488633333333333,0.021736666666666668
275,30.501916666666666,0.021743333333333333
276,30.5152,0.02175
277,30.528483333333334,0.021756666666666667
278,30.541766666666668,0.021763333333333332
279,30.555049999999998,0.02177
280,30.56833333333333,0.021776666666666666
281,30.581616666666665,0.02178333333333333
282,30.5949,0.02179
283,30.608183333333333,0.021796666666666666
284,30.621466666666667,0.021803333333333334
285,30.63475,0.02181
286,30.648033333333334,0.021816666666666665
287,30.661316666666664,0.021823333333333333
288,30.674599999999998,0.02183
289,30.687883333333332,0.021836666666666667
290,30.701166666666666,0.021843333333333333
291,30.71445,0.021849999999999998
292,30.727733333333333,0.021856666666666667
293,30.741016666666667,0.021863333333333332
294,30.7543,0.02187
295,30.767583333333334,0.021876666666666666
296,30.780866666666665,0.02188333333333333
297,30.79415,0.02189
298,30.807433333333332,0.021896666666666665
299,30.820716666666666,0.021903333333333334
300,30.834,0.02191
301,30.84165,0.021917
302,30.8493,0.021924
303,30.85695,0.021931
304,30.8646,0.021938
305,30.87225,0.021945
306,30.8799,0.021952
307,30.88755,0.021959
308,30.8952,0.021966
309,30.90285,0.021973
310,30.9105,0.02198
311,30.91815,0.021987
312,30.9258,0.021994
313,30.93345,0.022001
314,30.9411,0.022008
315,30.94875,0.022015
316,30.9564,0.022022
317,30.96405,0.022029
318,30.9717,0.022036
319,30.97935,0.022043
320,30.987,0.02205
321,30.99465,0.022057
322,31.002299999999998,0.022064
323,31.00995,0.022071
324,31.017599999999998,0.022078
325,31.02525,0.022085
326,31.032899999999998,0.022092
327,31.04055,0.022099
328,31.048199999999998,0.022106
329,31.05585,0.022113
330,31.063499999999998,0.02212
331,31.07115,0.022126999999999997
332,31.0788,0.022133999999999997
333,31.08645,0.022140999999999997
334,31.0941,0.022147999999999998
335,31.10175,0.022154999999999998
336,31.1094,0.022161999999999998
337,31.11705,0.022168999999999998
338,31.1247,0.022175999999999998
339,31.13235,0.022182999999999998
340,31.14,0.022189999999999998
341,31.14765,0.022196999999999998
342,31.1553,0.022203999999999998
343,31.16295,0.022210999999999998
344,31.1706,0.022217999999999998
345,31.17825,0.022224999999999998
346,31.1859,0.022232
347,31.19355,0.022239
348,31.2012,0.022246
349,31.208849999999998,0.022253
350,31.2165,0.02226
351,31.224149999999998,0.022267
352,31.2318,0.022274
353,31.239449999999998,0.022281
354,31.2471,0.022288
355,31.254749999999998,0.022295
356,31.2624,0.022302
357,31.270049999999998,0.022309
358,31.2777,0.022316
359,31.285349999999998,0.022323
360,31.293,0.02233
361,31.301783333333333,0.0223375
362,31.310566666666666,0.022345
363,31.31935,0.0223525
364,31.328133333333334,0.022359999999999998
365,31.336916666666667,0.0223675
366,31.3457,0.022375
367,31.354483333333334,0.0223825
368,31.363266666666664,0.02239
369,31.372049999999998,0.0223975
370,31.38083333333333,0.022405
371,31.389616666666665,0.0224125
372,31.3984,0.02242
373,31.407183333333332,0.0224275
374,31.415966666666666,0.022435
375,31.42475,0.0224425
376,31.433533333333333,0.02245
377,31.442316666666667,0.0224575
378,31.4511,0.022465
379,31.459883333333334,0.0224725
380,31.468666666666667,0.02248
381,31.47745,0.0224875
382,31.486233333333335,0.022495
383,31.495016666666665,0.0225025
384,31.5038,0.02251
385,31.512583333333332,0.0225175
386,31.521366666666665,0.022525
387,31.53015,0.0225325
388,31.538933333333333,0.02254
389,31.547716666666666,0.0225475
390,31.5565,0.022555
391,31.565283333333333,0.0225625
392,31.574066666666667,0.02257
393,31.58285,0.0225775
394,31.591633333333334,0.022585
395,31.600416666666668,0.0225925
396,31.6092,0.022600000000000002
397,31.617983333333335,0.0226075
398,31.626766666666665,0.022615
399,31.63555,0.0226225
400,31.644333333333332,0.02263
401,31.653116666666666,0.0226375
402,31.6619,0.022645000000000002
403,31.670683333333333,0.022652500000000002
404,31.679466666666666,0.02266
405,31.68825,0.0226675
406,31.697033333333334,0.022675
407,31.705816666666667,0.0226825
408,31.7146,0.022690000000000002
409,31.723383333333334,0.022697500000000002
410,31.732166666666668,0.022705000000000003
411,31.74095,0.0227125
412,31.749733333333335,0.02272
413,31.758516666666665,0.0227275
414,31.7673,0.022735000000000002
415,31.776083333333332,0.022742500000000002
416,31.784866666666666,0.022750000000000003
417,31.79365,0.0227575
418,31.802433333333333,0.022765
419,31.811216666666667,0.0227725
420,31.82,0.02278
421,31.825016666666667,0.022787833333333334
422,31.830033333333333,0.02279566666666667
423,31.83505,0.0228035
424,31.84006666666667,0.022811333333333336
425,31.845083333333335,0.022819166666666668
426,31.8501,0.022827
427,31.855116666666667,0.022834833333333335
428,31.860133333333334,0.022842666666666667
429,31.86515,0.022850500000000003
430,31.870166666666666,0.022858333333333335
431,31.875183333333332,0.022866166666666667
432,31.880200000000002,0.022874000000000002
433,31.88521666666667,0.022881833333333334
434,31.890233333333335,0.02288966666666667
435,31.89525,0.0228975
436,31.900266666666667,0.022905333333333333
437,31.905283333333333,0.02291316666666667
438,31.9103,0.022921
439,31.91531666666667,0.022928833333333336
440,31.920333333333335,0.022936666666666668
441,31.92535,0.0229445
442,31.930366666666668,0.022952333333333335
443,31.935383333333334,0.022960166666666667
444,31.9404,0.022968000000000002
445,31.945416666666667,0.022975833333333334
446,31.950433333333333,0.022983666666666666
447,31.955450000000003,0.0229915
448,31.96046666666667,0.022999333333333333
449,31.965483333333335,0.02300716666666667
450,31.9705,0.023015
451,31.975516666666667,0.023022833333333333
452,31.980533333333334,0.023030666666666668
453,31.98555,0.0230385
454,31.99056666666667,0.023046333333333335
455,31.995583333333336,0.023054166666666667
456,32.0006,0.023062
457,32.00561666666667,0.023069833333333335
458,32.01063333333334,0.023077666666666666
459,32.01565,0.023085500000000002
460,32.02066666666667,0.023093333333333334
461,32.02568333333333,0.023101166666666666
462,32.0307,0.023109
463,32.035716666666666,0.023116833333333333
464,32.040733333333336,0.02312466666666667
465,32.04575,0.0231325
466,32.05076666666667,0.023140333333333332
467,32.05578333333334,0.023148166666666668
468,32.0608,0.023156
469,32.06581666666667,0.023163833333333335
470,32.07083333333333,0.023171666666666667
471,32.07585,0.0231795
472,32.080866666666665,0.023187333333333334
473,32.085883333333335,0.023195166666666666
474,32.090900000000005,0.023203
475,32.09591666666667,0.023210833333333333
476,32.10093333333334,0.023218666666666665
477,32.10595,0.0232265
478,32.11096666666667,0.023234333333333333
479,32.11598333333333,0.023242166666666668
480,32.121,0.02325
481,32.131150000000005,0.023258666666666667
482,32.1413,0.023267333333333334
483,32.151450000000004,0.023275999999999998
484,32.1616,0.023284666666666665
485,32.17175,0.023293333333333333
486,32.1819,0.023302
487,32.19205,0.023310666666666667
488,32.202200000000005,0.023319333333333334
489,32.21235,0.023328
490,32.222500000000004,0.023336666666666665
491,32.23265,0.023345333333333333
492,32.2428,0.023354
493,32.25295,0.023362666666666667
494,32.2631,0.023371333333333334
495,32.273250000000004,0.023379999999999998
496,32.2834,0.023388666666666665
497,32.29355,0.023397333333333332
498,32.3037,0.023406
499,32.31385,0.023414666666666667
500,32.324,0.023423333333333334
501,32.33415,0.023432
502,32.3443,0.023440666666666665
503,32.35445,0.023449333333333332
504,32.3646,0.023458
505,32.37475,0.023466666666666667
506,32.3849,0.023475333333333334
507,32.39505,0.023484
508,32.4052,0.023492666666666665
509,32.41535,0.023501333333333332
510,32.4255,0.02351
511,32.43565,0.023518666666666667
512,32.4458,0.023527333333333334
513,32.45595,0.023536
514,32.4661,0.023544666666666665
515,32.47625,0.023553333333333332
516,32.486399999999996,0.023562
517,32.49655,0.023570666666666667
518,32.5067,0.023579333333333334
519,32.51685,0.023587999999999998
520,32.527,0.023596666666666665
521,32.53715,0.023605333333333332
522,32.5473,0.023614
523,32.557449999999996,0.023622666666666667
524,32.5676,0.023631333333333334
525,32.577749999999995,0.02364
526,32.5879,0.023648666666666665
527,32.59805,0.023657333333333332
528,32.6082,0.023666
529,32.61835,0.023674666666666667
530,32.628499999999995,0.023683333333333334
531,32.63865,0.023692
532,32.648799999999994,0.023700666666666665
533,32.65895,0.023709333333333332
534,32.6691,0.023718
535,32.679249999999996,0.023726666666666667
536,32.6894,0.023735333333333334
537,32.699549999999995,0.023744
538,32.7097,0.023752666666666665
539,32.719849999999994,0.023761333333333332
540,32.73,0.02377
541,32.73786666666666,0.0237785
542,32.745733333333334,0.023787
543,32.7536,0.0237955
544,32.761466666666664,0.023804
545,32.76933333333333,0.0238125
546,32.77719999999999,0.023821
547,32.785066666666665,0.0238295
548,32.79293333333333,0.023837999999999998
549,32.800799999999995,0.0238465
550,32.80866666666667,0.023855
551,32.81653333333333,0.0238635
552,32.8244,0.023872
553,32.83226666666666,0.0238805
554,32.84013333333333,0.023889
555,32.848,0.0238975
556,32.855866666666664,0.023906
557,32.86373333333333,0.023914499999999998
558,32.8716,0.023923
559,32.879466666666666,0.023931499999999998
560,32.88733333333333,0.02394
561,32.895199999999996,0.0239485
562,32.90306666666666,0.023957
563,32.91093333333333,0.0239655
564,32.9188,0.023974
565,32.92666666666666,0.0239825
566,32.934533333333334,0.023991
567,32.9424,0.0239995
568,32.950266666666664,0.024007999999999998
569,32.95813333333333,0.0240165
570,32.965999999999994,0.024024999999999998
571,32.973866666666666,0.0240335
572,32.98173333333333,0.024042
573,32.989599999999996,0.0240505
574,32.99746666666667,0.024059
575,33.00533333333333,0.0240675
576,33.0132,0.024076
577,33.02106666666666,0.0240845
578,33.02893333333333,0.024093
579,33.0368,0.024101499999999998
580,33.044666666666664,0.02411
581,33.05253333333333,0.0241185
582,33.0604,0.024127
583,33.068266666666666,0.0241355
584,33.07613333333333,0.024144
585,33.083999999999996,0.0241525
586,33.09186666666666,0.024161
587,33.09973333333333,0.0241695
588,33.1076,0.024177999999999998
589,33.11546666666666,0.0241865
590,33.123333333333335,0.024194999999999998
591,33.1312,0.0242035
592,33.139066666666665,0.024212
593,33.14693333333333,0.0242205
594,33.154799999999994,0.024229
595,33.16266666666667,0.0242375
596,33.17053333333333,0.024246
597,33.178399999999996,0.0242545
598,33.18626666666667,0.024263
599,33.19413333333333,0.024271499999999998
600,33.202,0.02428
601,33.21328333333333,0.024286166666666668
602,33.22456666666667,0.024292333333333332
603,33.23585,0.0242985
604,33.24713333333333,0.024304666666666665
605,33.25841666666666,0.024310833333333334
606,33.2697,0.024317
607,33.28098333333333,0.024323166666666667
608,33.29226666666666,0.02432933333333333
609,33.30355,0.0243355
610,33.31483333333333,0.024341666666666664
611,33.326116666666664,0.024347833333333332
612,33.337399999999995,0.024354
613,33.348683333333334,0.024360166666666665
614,33.359966666666665,0.024366333333333334
615,33.371249999999996,0.0243725
616,33.382533333333335,0.024378666666666667
617,33.393816666666666,0.02438483333333333
618,33.4051,0.024391
619,33.41638333333333,0.024397166666666664
620,33.42766666666667,0.024403333333333332
621,33.43895,0.0244095
622,33.45023333333333,0.024415666666666665
623,33.46151666666667,0.024421833333333334
624,33.4728,0.024428
625,33.48408333333333,0.024434166666666667
626,33.49536666666666,0.02444033333333333
627,33.50665,0.0244465
628,33.51793333333333,0.024452666666666664
629,33.52921666666666,0.024458833333333332
630,33.540499999999994,0.024465
631,33.55178333333333,0.024471166666666665
632,33.563066666666664,0.024477333333333334
633,33.574349999999995,0.0244835
634,33.585633333333334,0.024489666666666667
635,33.596916666666665,0.02449583333333333
636,33.6082,0.024502
637,33.61948333333333,0.024508166666666664
638,33.630766666666666,0.024514333333333332
639,33.64205,0.024520499999999997
640,33.65333333333333,0.024526666666666665
641,33.66461666666667,0.024532833333333334
642,33.6759,0.024539
643,33.68718333333333,0.024545166666666667
644,33.69846666666666,0.02455133333333333
645,33.70975,0.0245575
646,33.72103333333333,0.024563666666666664
647,33.73231666666666,0.024569833333333332
648,33.7436,0.024575999999999997
649,33.75488333333333,0.024582166666666665
650,33.76616666666666,0.02458833333333333
651,33.777449999999995,0.0245945
652,33.78873333333333,0.024600666666666667
653,33.800016666666664,0.02460683333333333
654,33.811299999999996,0.024613
655,33.822583333333334,0.024619166666666664
656,33.833866666666665,0.024625333333333332
657,33.84515,0.024631499999999997
658,33.85643333333333,0.024637666666666665
659,33.86771666666667,0.02464383333333333
660,33.879,0.02465
661,33.88548333333333,0.024656833333333333
662,33.89196666666666,0.024663666666666664
663,33.89845,0.024670499999999998
664,33.90493333333333,0.024677333333333332
665,33.91141666666667,0.024684166666666667
666,33.917899999999996,0.024690999999999998
667,33.92438333333333,0.024697833333333332
668,33.93086666666667,0.024704666666666666
669,33.937349999999995,0.024711499999999997
670,33.94383333333333,0.024718333333333332
671,33.950316666666666,0.024725166666666666
672,33.9568,0.024731999999999997
673,33.96328333333333,0.02473883333333333
674,33.969766666666665,0.024745666666666666
675,33.97625,0.024752499999999997
676,33.98273333333333,0.02475933333333333
677,33.989216666666664,0.024766166666666665
678,33.9957,0.024773
679,34.002183333333335,0.02477983333333333
680,34.00866666666666,0.024786666666666665
681,34.01515,0.0247935
682,34.021633333333334,0.02480033333333333
683,34.02811666666666,0.024807166666666665
684,34.0346,0.024814
685,34.04108333333333,0.024820833333333334
686,34.04756666666667,0.024827666666666665
687,34.05405,0.0248345
688,34.06053333333333,0.024841333333333333
689,34.06701666666667,0.024848166666666664
690,34.073499999999996,0.024855
691,34.07998333333333,0.024861833333333333
692,34.08646666666667,0.024868666666666664
693,34.09295,0.0248755
694,34.09943333333333,0.024882333333333333
695,34.105916666666666,0.024889166666666664
696,34.1124,0.024895999999999998
697,34.118883333333336,0.024902833333333332
698,34.125366666666665,0.024909666666666667
699,34.13185,0.024916499999999998
700,34.138333333333335,0.024923333333333332
701,34.144816666666664,0.024930166666666666
702,34.1513,0.024936999999999997
703,34.157783333333334,0.024943833333333332
704,34.16426666666667,0.024950666666666666
705,34.17075,0.0249575
706,34.177233333333334,0.02496433333333333
707,34.18371666666667,0.024971166666666666
708,34.1902,0.024978
709,34.19668333333333,0.02498483333333333
710,34.20316666666667,0.024991666666666666
711,34.20965,0.0249985
712,34.21613333333333,0.02500533333333333
713,34.22261666666667,0.025012166666666665
714,34.2291,0.025019
715,34.23558333333333,0.02502583333333333
716,34.242066666666666,0.025032666666666665
717,34.24855,0.0250395
718,34.25503333333334,0.025046333333333334
719,34.261516666666665,0.025053166666666665
720,34.268,0.02506
721,34.27696666666667,0.025067666666666665
722,34.28593333333333,0.02507533333333333
723,34.2949,0.025082999999999998
724,34.303866666666664,0.025090666666666667
725,34.31283333333333,0.025098333333333334
726,34.3218,0.025106
727,34.33076666666667,0.025113666666666666
728,34.339733333333335,0.025121333333333332
729,34.3487,0.025129
730,34.35766666666667,0.025136666666666665
731,34.36663333333333,0.02514433333333333
732,34.3756,0.025152
733,34.384566666666665,0.025159666666666667
734,34.39353333333333,0.025167333333333333
735,34.4025,0.025175
736,34.41146666666667,0.025182666666666666
737,34.420433333333335,0.025190333333333332
738,34.4294,0.025197999999999998
739,34.43836666666667,0.025205666666666668
740,34.44733333333333,0.025213333333333334
741,34.4563,0.025221
742,34.465266666666665,0.025228666666666667
743,34.47423333333333,0.025236333333333333
744,34.4832,0.025244
745,34.49216666666667,0.025251666666666665
746,34.501133333333335,0.02525933333333333
747,34.5101,0.025267
748,34.51906666666667,0.025274666666666668
749,34.52803333333333,0.025282333333333334
750,34.537,0.02529
751,34.545966666666665,0.025297666666666666
752,34.55493333333333,0.025305333333333332
753,34.5639,0.025313
754,34.57286666666666,0.02532066666666667
755,34.581833333333336,0.025328333333333335
756,34.5908,0.025336
757,34.59976666666667,0.025343666666666667
758,34.60873333333333,0.025351333333333333
759,34.6177,0.025359
760,34.626666666666665,0.025366666666666666
761,34.63563333333333,0.025374333333333332
762,34.6446,0.025382000000000002
763,34.65356666666666,0.025389666666666668
764,34.66253333333333,0.025397333333333334
765,34.6715,0.025405
766,34.68046666666667,0.025412666666666667
767,34.689433333333334,0.025420333333333333
768,34.6984,0.025428
769,34.707366666666665,0.02543566666666667
770,34.71633333333333,0.025443333333333335
771,34.7253,0.025451
772,34.73426666666666,0.025458666666666668
773,34.74323333333333,0.025466333333333334
774,34.752199999999995,0.025474
775,34.76116666666667,0.025481666666666666
776,34.770133333333334,0.025489333333333333
777,34.7791,0.025497000000000002
778,34.788066666666666,0.02550466666666667
779,34.79703333333333,0.025512333333333335
780,34.806,0.02552
781,34.8116,0.02553
782,34.8172,0.02554
783,34.8228,0.02555
784,34.828399999999995,0.02556
785,34.833999999999996,0.025570000000000002
786,34.8396,0.025580000000000002
787,34.8452,0.02559
788,34.8508,0.0256
789,34.8564,0.02561
790,34.861999999999995,0.02562
791,34.867599999999996,0.02563
792,34.8732,0.02564
793,34.8788,0.025650000000000003
794,34.8844,0.025660000000000002
795,34.89,0.025670000000000002
796,34.8956,0.02568
797,34.901199999999996,0.02569
798,34.9068,0.0257
799,34.9124,0.02571
800,34.918,0.02572
801,34.9236,0.02573
802,34.9292,0.025740000000000002
803,34.9348,0.025750000000000002
804,34.9404,0.02576
805,34.946,0.02577
806,34.9516,0.02578
807,34.9572,0.02579
808,34.9628,0.0258
809,34.9684,0.02581
810,34.974000000000004,0.025820000000000003
811,34.9796,0.025830000000000002
812,34.9852,0.025840000000000002
813,34.9908,0.02585
814,34.9964,0.02586
815,35.002,0.02587
816,35.007600000000004,0.02588
817,35.0132,0.02589
818,35.0188,0.0259
819,35.0244,0.025910000000000002
820,35.03,0.025920000000000002
821,35.0356,0.02593
822,35.0412,0.02594
823,35.046800000000005,0.02595
824,35.0524,0.02596
825,35.058,0.02597
826,35.0636,0.02598
827,35.0692,0.02599
828,35.0748,0.026000000000000002
829,35.080400000000004,0.026010000000000002
830,35.086,0.02602
831,35.0916,0.02603
832,35.0972,0.02604
833,35.1028,0.02605
834,35.1084,0.02606
835,35.114000000000004,0.02607
836,35.119600000000005,0.026080000000000002
837,35.1252,0.026090000000000002
838,35.1308,0.0261
839,35.1364,0.02611
840,35.142,0.02612
841,35.14836666666667,0.026128000000000002
842,35.15473333333334,0.026136
843,35.161100000000005,0.026144
844,35.16746666666667,0.026152
845,35.173833333333334,0.02616
846,35.1802,0.026168
847,35.18656666666667,0.026176
848,35.192933333333336,0.026184
849,35.1993,0.026192
850,35.20566666666667,0.0262
851,35.21203333333334,0.026208000000000002
852,35.2184,0.026216
853,35.22476666666667,0.026224
854,35.23113333333333,0.026232000000000002
855,35.237500000000004,0.02624
856,35.24386666666667,0.026248
857,35.250233333333334,0.026256
858,35.256600000000006,0.026264
859,35.26296666666667,0.026272
860,35.269333333333336,0.02628
861,35.2757,0.026288
862,35.282066666666665,0.026296
863,35.28843333333334,0.026304
864,35.2948,0.026312
865,35.30116666666667,0.02632
866,35.30753333333334,0.026328
867,35.313900000000004,0.026336
868,35.32026666666667,0.026344
869,35.326633333333334,0.026352
870,35.333,0.026359999999999998
871,35.33936666666667,0.026368
872,35.345733333333335,0.026376
873,35.3521,0.026384
874,35.35846666666667,0.026392
875,35.36483333333334,0.0264
876,35.3712,0.026408
877,35.37756666666667,0.026416
878,35.38393333333333,0.026424
879,35.3903,0.026432
880,35.39666666666667,0.026439999999999998
881,35.40303333333333,0.026448
882,35.409400000000005,0.026456
883,35.41576666666667,0.026463999999999998
884,35.422133333333335,0.026472
885,35.4285,0.02648
886,35.434866666666665,0.026487999999999998
887,35.44123333333334,0.026496
888,35.4476,0.026504
889,35.453966666666666,0.026511999999999997
890,35.46033333333334,0.02652
891,35.4667,0.026528
892,35.47306666666667,0.026536
893,35.47943333333333,0.026543999999999998
894,35.4858,0.026552
895,35.49216666666667,0.02656
896,35.498533333333334,0.026567999999999998
897,35.5049,0.026576
898,35.51126666666667,0.026584
899,35.517633333333336,0.026591999999999998
900,35.524,0.0266
901,35.53345,0.0266045
902,35.5429,0.026608999999999997
903,35.552350000000004,0.0266135
904,35.5618,0.026618
905,35.57125,0.0266225
906,35.5807,0.026626999999999998
907,35.59015,0.0266315
908,35.5996,0.026636
909,35.60905,0.026640499999999998
910,35.6185,0.026645
911,35.62795,0.0266495
912,35.6374,0.026654
913,35.64685,0.026658499999999998
914,35.6563,0.026663
915,35.66575,0.0266675
916,35.675200000000004,0.026671999999999998
917,35.68465,0.0266765
918,35.6941,0.026681
919,35.70355,0.0266855
920,35.713,0.02669
921,35.72245,0.0266945
922,35.7319,0.026699
923,35.741350000000004,0.026703499999999998
924,35.7508,0.026708
925,35.76025,0.0267125
926,35.7697,0.026717
927,35.77915,0.0267215
928,35.7886,0.026726
929,35.79805,0.0267305
930,35.807500000000005,0.026735000000000002
931,35.81695,0.0267395
932,35.8264,0.026744
933,35.83585,0.0267485
934,35.8453,0.026753
935,35.85475,0.0267575
936,35.864200000000004,0.026762
937,35.87365,0.026766500000000002
938,35.8831,0.026771
939,35.89255,0.0267755
940,35.902,0.02678
941,35.91145,0.0267845
942,35.9209,0.026789
943,35.930350000000004,0.0267935
944,35.9398,0.026798000000000002
945,35.94925,0.0268025
946,35.9587,0.026807
947,35.96815,0.026811500000000002
948,35.9776,0.026816
949,35.98705,0.0268205
950,35.996500000000005,0.026825
951,36.00595,0.026829500000000003
952,36.0154,0.026834
953,36.02485,0.0268385
954,36.0343,0.026843000000000002
955,36.04375,0.0268475
956,36.053200000000004,0.026852
957,36.06265,0.026856500000000002
958,36.0721,0.026861000000000003
959,36.08155,0.0268655
960,36.091,0.02687
961,36.09538333333334,0.026877500000000002
962,36.09976666666667,0.026885000000000003
963,36.104150000000004,0.0268925
964,36.108533333333334,0.0269
965,36.11291666666667,0.0269075
966,36.1173,0.026915
967,36.12168333333334,0.026922500000000002
968,36.12606666666667,0.026930000000000003
969,36.13045,0.026937500000000003
970,36.13483333333333,0.026945
971,36.13921666666667,0.0269525
972,36.1436,0.02696
973,36.147983333333336,0.026967500000000002
974,36.152366666666666,0.026975000000000002
975,36.15675,0.0269825
976,36.16113333333333,0.02699
977,36.16551666666667,0.0269975
978,36.1699,0.027005
979,36.174283333333335,0.027012500000000002
980,36.178666666666665,0.027020000000000002
981,36.18305,0.027027500000000003
982,36.18743333333333,0.027035
983,36.19181666666667,0.0270425
984,36.1962,0.02705
985,36.200583333333334,0.0270575
986,36.204966666666664,0.027065000000000002
987,36.20935,0.0270725
988,36.21373333333333,0.02708
989,36.21811666666667,0.0270875
990,36.2225,0.027095
991,36.22688333333333,0.0271025
992,36.23126666666667,0.027110000000000002
993,36.23565,0.027117500000000003
994,36.240033333333336,0.027125
995,36.244416666666666,0.0271325
996,36.2488,0.02714
997,36.25318333333333,0.0271475
998,36.25756666666667,0.027155000000000002
999,36.26195,0.0271625
1000,36.266333333333336,0.02717
1001,36.270716666666665,0.0271775
1002,36.2751,0.027185
1003,36.27948333333333,0.0271925
1004,36.28386666666667,0.027200000000000002
1005,36.28825,0.027207500000000003
1006,36.292633333333335,0.027215
1007,36.297016666666664,0.0272225
1008,36.3014,0.02723
1009,36.30578333333333,0.0272375
1010,36.31016666666667,0.027245000000000002
1011,36.31455,0.0272525
1012,36.318933333333334,0.02726
1013,36.32331666666666,0.0272675
1014,36.3277,0.027275
1015,36.33208333333333,0.0272825
1016,36.33646666666667,0.027290000000000002
1017,36.340849999999996,0.027297500000000002
1018,36.34523333333333,0.027305
1019,36.34961666666666,0.0273125
1020,36.354,0.02732
1021,36.36588333333333,0.027330166666666666
1022,36.377766666666666,0.027340333333333335
1023,36.389649999999996,0.0273505
1024,36.40153333333333,0.02736066666666667
1025,36.41341666666666,0.027370833333333334
1026,36.4253,0.027381
1027,36.43718333333333,0.027391166666666668
1028,36.44906666666667,0.027401333333333333
1029,36.46095,0.027411500000000002
1030,36.472833333333334,0.027421666666666667
1031,36.484716666666664,0.027431833333333332
1032,36.4966,0.027442
1033,36.50848333333333,0.027452166666666666
1034,36.52036666666667,0.027462333333333335
1035,36.53225,0.0274725
1036,36.544133333333335,0.027482666666666666
1037,36.556016666666665,0.027492833333333334
1038,36.5679,0.027503
1039,36.57978333333333,0.02751316666666667
1040,36.59166666666667,0.027523333333333334
1041,36.60355,0.0275335
1042,36.615433333333335,0.027543666666666668
1043,36.627316666666665,0.027553833333333333
1044,36.6392,0.027564
1045,36.65108333333333,0.027574166666666667
1046,36.66296666666667,0.027584333333333332
1047,36.67485,0.0275945
1048,36.686733333333336,0.027604666666666666
1049,36.698616666666666,0.027614833333333335
1050,36.710499999999996,0.027625
1051,36.72238333333333,0.027635166666666666
1052,36.73426666666666,0.027645333333333334
1053,36.74615,0.0276555
1054,36.75803333333333,0.02766566666666667
1055,36.76991666666667,0.027675833333333334
1056,36.7818,0.027686
1057,36.793683333333334,0.027696166666666668
1058,36.805566666666664,0.027706333333333333
1059,36.81745,0.0277165
1060,36.82933333333333,0.027726666666666667
1061,36.84121666666667,0.027736833333333332
1062,36.8531,0.027747
1063,36.864983333333335,0.027757166666666666
1064,36.876866666666665,0.027767333333333335
1065,36.88875,0.0277775
1066,36.90063333333333,0.027787666666666665
1067,36.91251666666667,0.027797833333333334
1068,36.9244,0.027808
1069,36.936283333333336,0.027818166666666668
1070,36.948166666666665,0.027828333333333333
1071,36.96005,0.0278385
1072,36.97193333333333,0.027848666666666667
1073,36.98381666666667,0.027858833333333333
1074,36.9957,0.027869
1075,37.007583333333336,0.027879166666666667
1076,37.019466666666666,0.027889333333333332
1077,37.03135,0.0278995
1078,37.04323333333333,0.027909666666666666
1079,37.05511666666667,0.027919833333333335
1080,37.067,0.02793
1081,37.07286666666667,0.0279355
1082,37.07873333333333,0.027941
1083,37.0846,0.0279465
1084,37.090466666666664,0.027952
1085,37.096333333333334,0.0279575
1086,37.102199999999996,0.027963000000000002
1087,37.108066666666666,0.0279685
1088,37.113933333333335,0.027974
1089,37.1198,0.0279795
1090,37.12566666666667,0.027985
1091,37.13153333333333,0.0279905
1092,37.1374,0.027996
1093,37.14326666666667,0.0280015
1094,37.14913333333333,0.028007
1095,37.155,0.0280125
1096,37.160866666666664,0.028018
1097,37.16673333333333,0.0280235
1098,37.1726,0.028029
1099,37.178466666666665,0.0280345
1100,37.184333333333335,0.02804
1101,37.1902,0.0280455
1102,37.19606666666667,0.028051
1103,37.20193333333333,0.0280565
1104,37.2078,0.028062
1105,37.21366666666667,0.0280675
1106,37.21953333333333,0.028073
1107,37.2254,0.0280785
1108,37.23126666666666,0.028084
1109,37.23713333333333,0.0280895
1110,37.242999999999995,0.028095000000000002
1111,37.248866666666665,0.0281005
1112,37.254733333333334,0.028106
1113,37.2606,0.0281115
1114,37.266466666666666,0.028117
1115,37.27233333333333,0.0281225
1116,37.2782,0.028128
1117,37.28406666666667,0.0281335
1118,37.28993333333333,0.028139
1119,37.2958,0.0281445
1120,37.30166666666666,0.02815
1121,37.30753333333333,0.0281555
1122,37.3134,0.028161
1123,37.319266666666664,0.0281665
1124,37.32513333333333,0.028172
1125,37.330999999999996,0.0281775
1126,37.336866666666666,0.028183
1127,37.34273333333333,0.028188500000000002
1128,37.3486,0.028194
1129,37.35446666666667,0.0281995
1130,37.36033333333333,0.028205
1131,37.3662,0.0282105
1132,37.37206666666666,0.028216
1133,37.37793333333333,0.0282215
1134,37.383799999999994,0.028227000000000002
1135,37.38966666666666,0.0282325
1136,37.39553333333333,0.028238
1137,37.401399999999995,0.0282435
1138,37.407266666666665,0.028249
1139,37.41313333333333,0.028254500000000002
1140,37.419,0.02826
1141,37.426716666666664,0.028270833333333335
1142,37.43443333333333,0.028281666666666667
1143,37.44215,0.0282925
1144,37.449866666666665,0.028303333333333333
1145,37.45758333333333,0.028314166666666668
1146,37.4653,0.028325
1147,37.473016666666666,0.028335833333333334
1148,37.48073333333333,0.028346666666666666
1149,37.48845,0.0283575
1150,37.49616666666667,0.028368333333333336
1151,37.50388333333333,0.028379166666666667
1152,37.511599999999994,0.028390000000000002
1153,37.51931666666666,0.028400833333333333
1154,37.52703333333333,0.02841166666666667
1155,37.534749999999995,0.0284225
1156,37.54246666666666,0.028433333333333335
1157,37.55018333333333,0.028444166666666666
1158,37.5579,0.028455
1159,37.56561666666666,0.028465833333333333
1160,37.57333333333333,0.028476666666666667
1161,37.58105,0.028487500000000002
1162,37.588766666666665,0.028498333333333334
1163,37.59648333333333,0.02850916666666667
1164,37.6042,0.02852
1165,37.611916666666666,0.028530833333333335
1166,37.61963333333333,0.028541666666666667
1167,37.62735,0.0285525
1168,37.63506666666667,0.028563333333333333
1169,37.642783333333334,0.028574166666666668
1170,37.650499999999994,0.028585
1171,37.65821666666666,0.028595833333333334
1172,37.66593333333333,0.02860666666666667
1173,37.673649999999995,0.0286175
1174,37.68136666666666,0.028628333333333335
1175,37.68908333333333,0.028639166666666667
1176,37.696799999999996,0.028650000000000002
1177,37.70451666666666,0.028660833333333333
1178,37.71223333333333,0.028671666666666668
1179,37.71995,0.0286825
1180,37.727666666666664,0.028693333333333335
1181,37.73538333333333,0.02870416666666667
1182,37.7431,0.028715
1183,37.750816666666665,0.028725833333333336
1184,37.75853333333333,0.028736666666666667
1185,37.76625,0.028747500000000002
1186,37.77396666666667,0.028758333333333334
1187,37.78168333333333,0.02876916666666667
1188,37.7894,0.02878
1189,37.79711666666667,0.028790833333333335
1190,37.804833333333335,0.02880166666666667
1191,37.812549999999995,0.0288125
1192,37.82026666666666,0.028823333333333336
1193,37.82798333333333,0.028834166666666668
1194,37.835699999999996,0.028845000000000003
1195,37.84341666666666,0.028855833333333334
1196,37.85113333333333,0.02886666666666667
1197,37.85885,0.0288775
1198,37.866566666666664,0.028888333333333335
1199,37.87428333333333,0.028899166666666667
1200,37.882,0.02891
1201,37.886199999999995,0.028915000000000003
1202,37.8904,0.02892
1203,37.8946,0.028925000000000003
1204,37.8988,0.02893
1205,37.903,0.028935000000000002
1206,37.907199999999996,0.02894
1207,37.9114,0.028945000000000002
1208,37.9156,0.02895
1209,37.919799999999995,0.028955
1210,37.924,0.02896
1211,37.9282,0.028965
1212,37.9324,0.028970000000000003
1213,37.9366,0.028975
1214,37.940799999999996,0.028980000000000002
1215,37.945,0.028985
1216,37.9492,0.028990000000000002
1217,37.9534,0.028995
1218,37.9576,0.029
1219,37.9618,0.029005
1220,37.966,0.02901
1221,37.9702,0.029015000000000003
1222,37.974399999999996,0.02902
1223,37.9786,0.029025000000000002
1224,37.9828,0.02903
1225,37.987,0.029035000000000002
1226,37.9912,0.02904
1227,37.9954,0.029045
1228,37.9996,0.02905
1229,38.0038,0.029055
1230,38.007999999999996,0.029060000000000002
1231,38.0122,0.029065
1232,38.0164,0.029070000000000002
1233,38.0206,0.029075
1234,38.0248,0.02908
1235,38.028999999999996,0.029085
1236,38.0332,0.02909
1237,38.0374,0.029095
1238,38.0416,0.0291
1239,38.0458,0.029105
1240,38.05,0.02911
1241,38.0542,0.029115000000000002
1242,38.0584,0.02912
1243,38.062599999999996,0.029125
1244,38.0668,0.02913
1245,38.071,0.029135
1246,38.0752,0.02914
1247,38.0794,0.029145
1248,38.0836,0.02915
1249,38.0878,0.029155
1250,38.092,0.02916
1251,38.0962,0.029165
1252,38.1004,0.02917
1253,38.1046,0.029175
1254,38.1088,0.02918
1255,38.113,0.029185
1256,38.1172,0.02919
1257,38.1214,0.029195
1258,38.1256,0.0292
1259,38.1298,0.029205
1260,38.134,0.02921
1261,38.14455,0.029216666666666665
1262,38.1551,0.029223333333333334
1263,38.16565,0.02923
1264,38.1762,0.029236666666666668
1265,38.18675,0.029243333333333333
1266,38.1973,0.029249999999999998
1267,38.20785,0.029256666666666667
1268,38.2184,0.029263333333333332
1269,38.22895,0.02927
1270,38.2395,0.029276666666666666
1271,38.25005,0.029283333333333335
1272,38.260600000000004,0.02929
1273,38.27115,0.029296666666666665
1274,38.2817,0.029303333333333334
1275,38.29225,0.02931
1276,38.3028,0.029316666666666668
1277,38.31335,0.029323333333333333
1278,38.3239,0.029330000000000002
1279,38.334450000000004,0.029336666666666667
1280,38.345,0.029343333333333332
1281,38.35555,0.02935
1282,38.3661,0.029356666666666666
1283,38.37665,0.029363333333333335
1284,38.3872,0.02937
1285,38.39775,0.029376666666666666
1286,38.408300000000004,0.029383333333333334
1287,38.41885,0.02939
1288,38.4294,0.029396666666666668
1289,38.43995,0.029403333333333333
1290,38.450500000000005,0.02941
1291,38.46105,0.029416666666666667
1292,38.4716,0.029423333333333333
1293,38.482150000000004,0.02943
1294,38.4927,0.029436666666666667
1295,38.50325,0.029443333333333335
1296,38.5138,0.02945
1297,38.524350000000005,0.029456666666666666
1298,38.5349,0.029463333333333334
1299,38.54545,0.02947
1300,38.556000000000004,0.02947666666666667
1301,38.56655,0.029483333333333334
1302,38.5771,0.029490000000000002
1303,38.587650000000004,0.029496666666666668
1304,38.598200000000006,0.029503333333333333
1305,38.60875,0.02951
1306,38.6193,0.029516666666666667
1307,38.629850000000005,0.029523333333333335
1308,38.6404,0.02953
1309,38.65095,0.029536666666666666
1310,38.661500000000004,0.029543333333333335
1311,38.672050000000006,0.02955
1312,38.6826,0.02955666666666667
1313,38.69315,0.029563333333333334
1314,38.703700000000005,0.02957
1315,38.71425,0.029576666666666668
1316,38.7248,0.029583333333333333
1317,38.735350000000004,0.02959
1318,38.745900000000006,0.029596666666666667
1319,38.75645,0.029603333333333336
1320,38.767,0.02961
1321,38.77296666666667,0.029621333333333333
1322,38.778933333333335,0.029632666666666668
1323,38.7849,0.029644
1324,38.790866666666666,0.029655333333333336
1325,38.79683333333334,0.029666666666666668
1326,38.802800000000005,0.029678
1327,38.80876666666667,0.029689333333333335
1328,38.814733333333336,0.029700666666666667
1329,38.8207,0.029712000000000002
1330,38.82666666666667,0.029723333333333334
1331,38.832633333333334,0.029734666666666666
1332,38.8386,0.029746
1333,38.84456666666667,0.029757333333333334
1334,38.85053333333334,0.02976866666666667
1335,38.856500000000004,0.02978
1336,38.86246666666667,0.029791333333333333
1337,38.868433333333336,0.02980266666666667
1338,38.8744,0.029814
1339,38.88036666666667,0.029825333333333336
1340,38.88633333333333,0.029836666666666668
1341,38.8923,0.029848
1342,38.89826666666667,0.029859333333333335
1343,38.90423333333334,0.029870666666666667
1344,38.9102,0.029882000000000002
1345,38.91616666666667,0.029893333333333334
1346,38.922133333333335,0.029904666666666666
1347,38.9281,0.029916
1348,38.934066666666666,0.029927333333333334
1349,38.94003333333333,0.02993866666666667
1350,38.946,0.02995
1351,38.95196666666667,0.029961333333333333
1352,38.95793333333334,0.02997266666666667
1353,38.9639,0.029984
1354,38.96986666666667,0.029995333333333336
1355,38.975833333333334,0.030006666666666668
1356,38.9818,0.030018
1357,38.987766666666666,0.030029333333333335
1358,38.99373333333333,0.030040666666666667
1359,38.999700000000004,0.030052000000000002
1360,39.00566666666667,0.030063333333333334
1361,39.011633333333336,0.030074666666666666
1362,39.0176,0.030086
1363,39.02356666666667,0.030097333333333334
1364,39.02953333333333,0.03010866666666667
1365,39.0355,0.03012
1366,39.041466666666665,0.030131333333333333
1367,39.04743333333333,0.03014266666666667
1368,39.0534,0.030154
1369,39.05936666666667,0.030165333333333336
1370,39.065333333333335,0.030176666666666668
1371,39.0713,0.030188
1372,39.07726666666667,0.030199333333333335
1373,39.08323333333333,0.030210666666666667
1374,39.0892,0.030222000000000002
1375,39.095166666666664,0.030233333333333334
1376,39.10113333333334,0.030244666666666666
1377,39.1071,0.030256
1378,39.11306666666667,0.030267333333333334
1379,39.119033333333334,0.03027866666666667
1380,39.125,0.03029
1381,39.13055,0.030293666666666667
1382,39.1361,0.030297333333333336
1383,39.14165,0.030301
1384,39.1472,0.030304666666666667
1385,39.15275,0.030308333333333333
1386,39.1583,0.030312000000000002
1387,39.16385,0.030315666666666668
1388,39.1694,0.030319333333333334
1389,39.17495,0.030323
1390,39.1805,0.03032666666666667
1391,39.18605,0.030330333333333334
1392,39.1916,0.030334
1393,39.19715,0.030337666666666666
1394,39.2027,0.030341333333333335
1395,39.20825,0.030345
1396,39.2138,0.030348666666666666
1397,39.21935,0.030352333333333335
1398,39.2249,0.030356
1399,39.23045,0.030359666666666667
1400,39.236,0.030363333333333332
1401,39.24155,0.030367
1402,39.247099999999996,0.030370666666666667
1403,39.25265,0.030374333333333333
1404,39.2582,0.030378
1405,39.26375,0.030381666666666668
1406,39.2693,0.030385333333333334
1407,39.27485,0.030389
1408,39.2804,0.030392666666666665
1409,39.28595,0.030396333333333334
1410,39.2915,0.0304
1411,39.29705,0.030403666666666666
1412,39.3026,0.030407333333333335
1413,39.30815,0.030411
1414,39.3137,0.030414666666666666
1415,39.31925,0.030418333333333332
1416,39.324799999999996,0.030422
1417,39.330349999999996,0.030425666666666667
1418,39.3359,0.030429333333333333
1419,39.34145,0.030432999999999998
1420,39.347,0.030436666666666667
1421,39.35255,0.030440333333333333
1422,39.3581,0.030444
1423,39.36365,0.030447666666666665
1424,39.3692,0.030451333333333334
1425,39.37475,0.030455
1426,39.3803,0.030458666666666665
1427,39.38585,0.030462333333333334
1428,39.3914,0.030466
1429,39.39695,0.030469666666666666
1430,39.402499999999996,0.03047333333333333
1431,39.408049999999996,0.030477
1432,39.413599999999995,0.030480666666666666
1433,39.41915,0.030484333333333332
1434,39.4247,0.030487999999999998
1435,39.43025,0.030491666666666667
1436,39.4358,0.030495333333333333
1437,39.44135,0.030499
1438,39.4469,0.030502666666666664
1439,39.45245,0.030506333333333333
1440,39.458,0.03051
1441,39.46028333333333,0.03051783333333333
1442,39.46256666666667,0.030525666666666666
1443,39.46485,0.030533499999999998
1444,39.46713333333333,0.030541333333333334
1445,39.46941666666667,0.030549166666666665
1446,39.4717,0.030557
1447,39.47398333333333,0.030564833333333333
1448,39.47626666666667,0.030572666666666665
1449,39.47855,0.0305805
1450,39.48083333333333,0.030588333333333332
1451,39.48311666666667,0.030596166666666667
1452,39.4854,0.030604
1453,39.48768333333333,0.03061183333333333
1454,39.48996666666667,0.030619666666666667
1455,39.49225,0.0306275
1456,39.49453333333333,0.030635333333333334
1457,39.49681666666667,0.030643166666666666
1458,39.4991,0.030650999999999998
1459,39.50138333333333,0.030658833333333333
1460,39.50366666666667,0.030666666666666665
1461,39.50595,0.0306745
1462,39.50823333333333,0.030682333333333332
1463,39.51051666666667,0.030690166666666668
1464,39.5128,0.030698
1465,39.51508333333333,0.03070583333333333
1466,39.51736666666667,0.030713666666666667
1467,39.51965,0.0307215
1468,39.52193333333333,0.030729333333333334
1469,39.52421666666667,0.030737166666666666
1470,39.5265,0.030744999999999998
1471,39.52878333333333,0.030752833333333333
1472,39.53106666666667,0.030760666666666665
1473,39.53335,0.0307685
1474,39.53563333333333,0.030776333333333333
1475,39.53791666666667,0.030784166666666668
1476,39.5402,0.030792
1477,39.54248333333333,0.030799833333333332
1478,39.54476666666667,0.030807666666666667
1479,39.54705,0.0308155
1480,39.54933333333333,0.030823333333333335
1481,39.55161666666667,0.030831166666666666
1482,39.5539,0.030839
1483,39.55618333333333,0.030846833333333334
1484,39.55846666666667,0.030854666666666666
1485,39.56075,0.0308625
1486,39.56303333333333,0.030870333333333333
1487,39.56531666666667,0.03087816666666667
1488,39.5676,0.030886
1489,39.56988333333333,0.030893833333333332
1490,39.57216666666667,0.030901666666666668
1491,39.57445,0.0309095
1492,39.57673333333333,0.030917333333333335
1493,39.57901666666667,0.030925166666666667
1494,39.5813,0.030933
1495,39.58358333333333,0.030940833333333334
1496,39.58586666666667,0.030948666666666666
1497,39.58815,0.0309565
1498,39.59043333333333,0.030964333333333333
1499,39.59271666666667,0.03097216666666667
1500,39.595,0.03098
1501,39.60276666666667,0.0309865
1502,39.61053333333333,0.030993
1503,39.6183,0.0309995
1504,39.62606666666667,0.031006000000000002
1505,39.633833333333335,0.031012500000000002
1506,39.6416,0.031019
1507,39.649366666666666,0.0310255
1508,39.657133333333334,0.031032
1509,39.664899999999996,0.0310385
1510,39.672666666666665,0.031045
1511,39.68043333333333,0.0310515
1512,39.6882,0.031058000000000002
1513,39.69596666666666,0.031064500000000002
1514,39.70373333333333,0.031071
1515,39.7115,0.0310775
1516,39.71926666666666,0.031084
1517,39.72703333333333,0.0310905
1518,39.7348,0.031097
1519,39.74256666666667,0.031103500000000003
1520,39.75033333333333,0.031110000000000002
1521,39.7581,0.031116500000000002
1522,39.76586666666667,0.031123
1523,39.77363333333333,0.0311295
1524,39.7814,0.031136
1525,39.78916666666667,0.0311425
1526,39.796933333333335,0.031149
1527,39.8047,0.031155500000000003
1528,39.812466666666666,0.031162000000000002
1529,39.820233333333334,0.031168500000000002
1530,39.828,0.031175
1531,39.835766666666665,0.0311815
1532,39.84353333333333,0.031188
1533,39.8513,0.0311945
1534,39.85906666666666,0.031201000000000003
1535,39.86683333333333,0.031207500000000003
1536,39.8746,0.031214000000000002
1537,39.88236666666667,0.0312205
1538,39.89013333333333,0.031227
1539,39.8979,0.0312335
1540,39.90566666666667,0.03124
1541,39.91343333333333,0.0312465
1542,39.9212,0.031253
1543,39.92896666666667,0.0312595
1544,39.936733333333336,0.031266
1545,39.9445,0.0312725
1546,39.95226666666667,0.031279
1547,39.960033333333335,0.0312855
1548,39.9678,0.031292
1549,39.975566666666666,0.0312985
1550,39.983333333333334,0.031305
1551,39.9911,0.0313115
1552,39.998866666666665,0.031318
1553,40.00663333333333,0.031324500000000005
1554,40.0144,0.031331000000000005
1555,40.022166666666664,0.031337500000000004
1556,40.02993333333333,0.031344000000000004
1557,40.0377,0.0313505
1558,40.04546666666667,0.031357
1559,40.05323333333333,0.0313635
1560,40.061,0.03137
1561,40.06395,0.031377
1562,40.0669,0.031384
1563,40.06985,0.031391
1564,40.0728,0.031398
1565,40.07575,0.031405
1566,40.0787,0.031412
1567,40.08165,0.031419
1568,40.0846,0.031426
1569,40.08755,0.031433
1570,40.0905,0.03144
1571,40.09345,0.031447
1572,40.0964,0.031454
1573,40.09935,0.031461
1574,40.1023,0.031468
1575,40.10525,0.031475
1576,40.1082,0.031482
1577,40.11115,0.031489
1578,40.1141,0.031496
1579,40.11705,0.031503
1580,40.12,0.03151
1581,40.12295,0.031517
1582,40.1259,0.031524
1583,40.12885,0.031531
1584,40.1318,0.031538000000000004
1585,40.13475,0.031545000000000004
1586,40.1377,0.031552000000000004
1587,40.14065,0.031559000000000004
1588,40.1436,0.031566000000000004
1589,40.14655,0.031573000000000004
1590,40.1495,0.03158
1591,40.15245,0.031587
1592,40.1554,0.031594
1593,40.15835,0.031601
1594,40.1613,0.031608
1595,40.16425,0.031615
1596,40.1672,0.031622
1597,40.17015,0.031629
1598,40.1731,0.031636
1599,40.17605,0.031643
1600,40.179,0.03165
1601,40.18195,0.031657
1602,40.1849,0.031664
1603,40.18785,0.031671
1604,40.1908,0.031678
1605,40.19375,0.031685
1606,40.1967,0.031692
1607,40.19965,0.031699
1608,40.2026,0.031706
1609,40.20555,0.031713
1610,40.2085,0.03172
1611,40.21145,0.031727
1612,40.2144,0.031734
1613,40.217349999999996,0.031741
1614,40.2203,0.031748
1615,40.22325,0.031755
1616,40.2262,0.031762
1617,40.22915,0.031769
1618,40.2321,0.031776
1619,40.23505,0.031783
1620,40.238,0.03179
1621,40.24438333333333,0.03179666666666667
1622,40.250766666666664,0.03180333333333333
1623,40.25715,0.03181
1624,40.263533333333335,0.03181666666666667
1625,40.26991666666667,0.031823333333333335
1626,40.2763,0.03183
1627,40.28268333333333,0.031836666666666666
1628,40.28906666666666,0.031843333333333335
1629,40.29545,0.031849999999999996
1630,40.301833333333335,0.031856666666666665
1631,40.30821666666667,0.031863333333333334
1632,40.3146,0.03187
1633,40.32098333333333,0.031876666666666664
1634,40.32736666666667,0.03188333333333333
1635,40.33375,0.03189
1636,40.340133333333334,0.03189666666666666
1637,40.346516666666666,0.03190333333333333
1638,40.3529,0.03191
1639,40.35928333333333,0.03191666666666667
1640,40.36566666666667,0.03192333333333333
1641,40.37205,0.03193
1642,40.378433333333334,0.03193666666666667
1643,40.384816666666666,0.03194333333333333
1644,40.3912,0.03195
1645,40.39758333333334,0.03195666666666667
1646,40.40396666666667,0.03196333333333334
1647,40.41035,0.03197
1648,40.41673333333333,0.03197666666666667
1649,40.423116666666665,0.031983333333333336
1650,40.429500000000004,0.031990000000000005
1651,40.43588333333334,0.031996666666666666
1652,40.44226666666667,0.032003333333333335
1653,40.44865,0.032010000000000004
1654,40.45503333333333,0.032016666666666665
1655,40.461416666666665,0.032023333333333334
1656,40.467800000000004,0.03203
1657,40.474183333333336,0.03203666666666667
1658,40.48056666666667,0.03204333333333333
1659,40.48695,0.03205
1660,40.49333333333333,0.03205666666666667
1661,40.49971666666667,0.03206333333333333
1662,40.5061,0.03207
1663,40.512483333333336,0.03207666666666667
1664,40.51886666666667,0.03208333333333334
1665,40.52525,0.03209
1666,40.53163333333333,0.03209666666666667
1667,40.53801666666667,0.03210333333333334
1668,40.5444,0.03211
1669,40.550783333333335,0.03211666666666667
1670,40.55716666666667,0.03212333333333334
1671,40.56355,0.032130000000000006
1672,40.56993333333334,0.03213666666666667
1673,40.57631666666667,0.032143333333333336
1674,40.5827,0.032150000000000005
1675,40.589083333333335,0.03215666666666667
1676,40.59546666666667,0.032163333333333335
1677,40.60185,0.032170000000000004
1678,40.60823333333334,0.03217666666666667
1679,40.61461666666667,0.032183333333333335
1680,40.621,0.03219
1681,40.63008333333334,0.03219716666666667
1682,40.63916666666667,0.032204333333333335
1683,40.648250000000004,0.032211500000000004
1684,40.657333333333334,0.03221866666666667
1685,40.66641666666667,0.032225833333333335
1686,40.6755,0.032233000000000005
1687,40.684583333333336,0.03224016666666667
1688,40.693666666666665,0.032247333333333336
1689,40.70275,0.032254500000000005
1690,40.71183333333333,0.03226166666666667
1691,40.72091666666667,0.03226883333333334
1692,40.730000000000004,0.032276000000000006
1693,40.73908333333333,0.03228316666666667
1694,40.74816666666667,0.03229033333333334
1695,40.75725,0.03229750000000001
1696,40.766333333333336,0.03230466666666667
1697,40.775416666666665,0.03231183333333334
1698,40.7845,0.032319
1699,40.79358333333333,0.03232616666666667
1700,40.80266666666667,0.03233333333333334
1701,40.81175,0.0323405
1702,40.82083333333333,0.03234766666666667
1703,40.82991666666667,0.03235483333333334
1704,40.839,0.032362
1705,40.848083333333335,0.03236916666666667
1706,40.857166666666664,0.03237633333333333
1707,40.86625,0.0323835
1708,40.87533333333333,0.03239066666666667
1709,40.88441666666667,0.032397833333333334
1710,40.8935,0.032405
1711,40.90258333333333,0.03241216666666667
1712,40.91166666666667,0.032419333333333335
1713,40.92075,0.032426500000000004
1714,40.929833333333335,0.03243366666666667
1715,40.938916666666664,0.032440833333333335
1716,40.948,0.032448000000000005
1717,40.95708333333333,0.03245516666666667
1718,40.966166666666666,0.032462333333333336
1719,40.975249999999996,0.032469500000000005
1720,40.98433333333333,0.03247666666666667
1721,40.99341666666667,0.03248383333333334
1722,41.0025,0.032491000000000006
1723,41.011583333333334,0.03249816666666667
1724,41.02066666666666,0.03250533333333334
1725,41.02975,0.0325125
1726,41.03883333333333,0.03251966666666667
1727,41.047916666666666,0.03252683333333334
1728,41.056999999999995,0.032534
1729,41.06608333333333,0.03254116666666667
1730,41.07516666666666,0.03254833333333334
1731,41.08425,0.0325555
1732,41.093333333333334,0.03256266666666667
1733,41.10241666666666,0.03256983333333334
1734,41.1115,0.032577
1735,41.12058333333333,0.03258416666666667
1736,41.129666666666665,0.03259133333333333
1737,41.138749999999995,0.0325985
1738,41.14783333333333,0.03260566666666667
1739,41.15691666666666,0.032612833333333334
1740,41.166,0.03262
1741,41.17178333333333,0.032627500000000004
1742,41.177566666666664,0.032635000000000004
1743,41.18335,0.032642500000000005
1744,41.18913333333333,0.032650000000000005
1745,41.194916666666664,0.032657500000000006
1746,41.2007,0.032665
1747,41.20648333333333,0.0326725
1748,41.212266666666665,0.03268
1749,41.21805,0.0326875
1750,41.22383333333333,0.032695
1751,41.229616666666665,0.0327025
1752,41.2354,0.03271
1753,41.24118333333333,0.032717500000000004
1754,41.246966666666665,0.032725000000000004
1755,41.25275,0.032732500000000005
1756,41.25853333333333,0.032740000000000005
1757,41.264316666666666,0.032747500000000006
1758,41.2701,0.032755000000000006
1759,41.27588333333333,0.0327625
1760,41.281666666666666,0.03277
1761,41.28745,0.0327775
1762,41.29323333333333,0.032785
1763,41.29901666666667,0.0327925
1764,41.3048,0.0328
1765,41.310583333333334,0.0328075
1766,41.31636666666667,0.032815000000000004
1767,41.32215,0.032822500000000004
1768,41.327933333333334,0.032830000000000005
1769,41.33371666666667,0.032837500000000006
1770,41.3395,0.032845
1771,41.34528333333333,0.0328525
1772,41.35106666666666,0.03286
1773,41.356849999999994,0.0328675
1774,41.36263333333333,0.032875
1775,41.36841666666666,0.0328825
1776,41.374199999999995,0.03289
1777,41.37998333333333,0.0328975
1778,41.38576666666666,0.032905000000000004
1779,41.391549999999995,0.032912500000000004
1780,41.39733333333333,0.032920000000000005
1781,41.40311666666666,0.032927500000000005
1782,41.408899999999996,0.032935000000000006
1783,41.41468333333333,0.0329425
1784,41.42046666666666,0.03295
1785,41.426249999999996,0.0329575
1786,41.43203333333333,0.032965
1787,41.43781666666666,0.0329725
1788,41.443599999999996,0.03298
1789,41.44938333333333,0.0329875
1790,41.45516666666666,0.032995000000000003
1791,41.46095,0.033002500000000004
1792,41.46673333333333,0.033010000000000005
1793,41.472516666666664,0.033017500000000005
1794,41.4783,0.033025
1795,41.48408333333333,0.0330325
1796,41.489866666666664,0.03304
1797,41.49565,0.0330475
1798,41.50143333333333,0.033055
1799,41.507216666666665,0.0330625
1800,41.513,0.03307
